{
  "cesVersion": "2.12.1",
  "projectName": "wix-assignment-react-native",
  "packages": [
    {
      "name": "expo-router",
      "type": "navigation",
      "options": {
        "type": "tabs"
      }
    },
    {
      "name": "nativewind",
      "type": "styling"
    }
  ],
  "flags": {
    "noGit": false,
    "noInstall": false,
    "overwrite": false,
    "importAlias": true,
    "packageManager": "npm",
    "eas": false
  },
  "packageManager": {
    "type": "npm",
    "version": "10.9.0"
  },
  "os": {
    "type": "Darwin",
    "platform": "darwin",
    "arch": "arm64",
    "kernelVersion": "24.0.0"
  }
}
